Train_y,Train_x,
0,import,pandas
0,import   ,
0,import   ,
0,impor,
0,impo,
0,imp,
0,im,
0,i,
0,mport,
0,port,
0,ort,
0,rt,
0,import panda,
0,import pand,
0,import pan,
0,import pa,
0,import p,
0,import pandas as,
1,import pandas,
1,import pandas,
1,import pandas,
1,import pandas,
1,import pandas,
1,import pandas,
1,import pandas,
1,import pandas,
1,import pandas as pd,
1,import pandas as pd,
1,import pandas as pd,
1,import pandas as pd,
1,import pandas as pd,
1,import pandas as pd,
1,import pandas as pd,
1,import pandas as pd,
1,import pandas as pd,
0,import,
0,import   ,
0,import   ,
0,impor,
0,impo,
0,imp,
0,im,numpy
0,i,
1,import numpy,
0,import num,
0,import nu,
0,import n,
0,import numpy as,
1,import numpy as np,
1,import numpy,
1,import numpy as np,
1,if 24>1:,if
1,if 4>1:,
1,if b > 56:,
1,if 7 < b:,
1,if bd_2 > a:,
1,if n >i:,
1,if w< l:,
1,if a == c:,
1,if bfd == cfh:,
1,if c < 3:,
1,if ds > 8:,
1,if a = c:,
1,if 4<9:,
0,if b>a,
0,if bd_2 > a,
0,if a<bhf,
0,if c>d,
0,if n >i,
0,if w< l,
0,if a == c,
0,if bfd == cfh,
0,if c>,
0,if c =,
0,if c < 89,
0,if ds > 8,
0,if 4<9,
1,else:,else
1,else:,
1,else:,
1,else:,
1,else:,
1,else:,
1,else:,
1,else:,
1,else:,
1,else:,
1,else:,
0,else,
0,else,
0,e,
0,el,
0,els,
0,else,
0,lse,
0,se,
0,e,
0,es,
0,esl,
0,ees,
0,eesl,
0,lsee,
0,elif b>a,elif
0,elif b > a,
0,elif a<b,
0,elif b <,
0,elif v>,
0,elif po>,
0,elif as<,
0,elif b >,
0,elif a<b,
0,elif,
0,eli,
0,el,
1,elif 2>1:,
1,elif 2== a2:,
1,elif b<6:,
1,elif c>4:,
1,elif d<8:,
1,elif a == 3:,
1,elif c >d:,
1,elif c== d:,
1,elif a<b:,
1,elif jn>0:,
1,elif 90>3,
1,elif a == b:,
0,a,integer
0,b,
0,c,
0,d,
0,a = ,
0,b = ,
0,c = ,
0,d = ,
0,a= ,
0,b= ,
0,c= ,
0,d= ,
1,a = 1,
1,b = 2,
1,c = 3,
1,d = 4,
1,a= 5,
1,b= 6,
1,c= 7,
1,d= 8,
1,a=5,
1,b=6,
1,c=7,
1,d=8,
